{"cameraMode":{"drawMode":0,"name":"Shaded","section":"Shading Mode"},"sceneLighting":true,"audioPlay":false,"sceneViewState":{"m_AlwaysRefresh":false,"showFog":true,"showSkybox":true,"showFlares":true,"showImageEffects":true,"showParticleSystems":true,"showVisualEffectGraphs":true,"m_FxEnabled":true},"in2DMode":false,"pivot":{"x":66.2680892944336,"y":-5.551328659057617,"z":-0.3458355963230133},"rotation":{"x":0.1438329964876175,"y":0.021286994218826295,"z":-0.0037007424980401994,"w":0.9898474812507629},"size":4.820209503173828,"orthographic":false}