{"cameraMode":{"drawMode":0,"name":"Shaded","section":"Shading Mode"},"sceneLighting":true,"audioPlay":false,"sceneViewState":{"m_AlwaysRefresh":false,"showFog":true,"showSkybox":true,"showFlares":true,"showImageEffects":true,"showParticleSystems":true,"showVisualEffectGraphs":true,"m_FxEnabled":true},"in2DMode":false,"pivot":{"x":-66.41669464111328,"y":3.044471025466919,"z":2.7477550506591799},"rotation":{"x":0.1143246442079544,"y":-0.028900885954499246,"z":0.0032863228116184475,"w":0.9931393265724182},"size":21.670642852783204,"orthographic":false}