{"cameraMode":{"drawMode":0,"name":"Shaded","section":"Shading Mode"},"sceneLighting":true,"audioPlay":false,"sceneViewState":{"m_AlwaysRefresh":false,"showFog":true,"showSkybox":true,"showFlares":true,"showImageEffects":true,"showParticleSystems":true,"showVisualEffectGraphs":true,"m_FxEnabled":true},"in2DMode":false,"pivot":{"x":-133.50643920898438,"y":4.273158073425293,"z":0.10762519389390946},"rotation":{"x":0.02667059190571308,"y":-0.03688148409128189,"z":-0.00097074662335217,"w":-0.9989945292472839},"size":2.119779586791992,"orthographic":false}