{"cameraMode":{"drawMode":0,"name":"Shaded","section":"Shading Mode"},"sceneLighting":true,"audioPlay":false,"sceneViewState":{"m_AlwaysRefresh":false,"showFog":true,"showSkybox":true,"showFlares":true,"showImageEffects":true,"showParticleSystems":true,"showVisualEffectGraphs":true,"m_FxEnabled":true},"in2DMode":false,"pivot":{"x":-8.75167179107666,"y":-28.417919158935548,"z":-6.086655139923096},"rotation":{"x":0.13027197122573853,"y":0.08256540447473526,"z":-0.011269095353782177,"w":0.9881577491760254},"size":55.371726989746097,"orthographic":false}