{"cameraMode":{"drawMode":0,"name":"Shaded","section":"Shading Mode"},"sceneLighting":true,"audioPlay":false,"sceneViewState":{"m_AlwaysRefresh":false,"showFog":true,"showSkybox":true,"showFlares":true,"showImageEffects":true,"showParticleSystems":true,"showVisualEffectGraphs":true,"m_FxEnabled":true},"in2DMode":false,"pivot":{"x":133.3728485107422,"y":-0.29943811893463137,"z":0.5686591863632202},"rotation":{"x":0.15833821892738343,"y":0.18212270736694337,"z":-0.03133319318294525,"w":0.9705691337585449},"size":4.705178737640381,"orthographic":false}