{"cameraMode":{"drawMode":0,"name":"Shaded","section":"Shading Mode"},"sceneLighting":false,"audioPlay":false,"sceneViewState":{"m_AlwaysRefresh":false,"showFog":true,"showSkybox":true,"showFlares":true,"showImageEffects":true,"showParticleSystems":true,"showVisualEffectGraphs":true,"m_FxEnabled":true},"in2DMode":false,"pivot":{"x":613.1497802734375,"y":266.4094543457031,"z":6.853387355804443},"rotation":{"x":0.034494396299123767,"y":0.01707218587398529,"z":-0.0012736511416733266,"w":0.9995182156562805},"size":645.5418090820313,"orthographic":false}