{"cameraMode":{"drawMode":0,"name":"Shaded","section":"Shading Mode"},"sceneLighting":true,"audioPlay":false,"sceneViewState":{"m_AlwaysRefresh":false,"showFog":true,"showSkybox":true,"showFlares":true,"showImageEffects":true,"showParticleSystems":true,"showVisualEffectGraphs":true,"m_FxEnabled":true},"in2DMode":false,"pivot":{"x":188.87892150878907,"y":-0.33014044165611269,"z":3.6230077743530275},"rotation":{"x":0.12626515328884126,"y":0.07045170664787293,"z":-0.010565347038209439,"w":0.9904440641403198},"size":21.715166091918947,"orthographic":false}