{"cameraMode":{"drawMode":0,"name":"Shaded","section":"Shading Mode"},"sceneLighting":true,"audioPlay":false,"sceneViewState":{"m_AlwaysRefresh":false,"showFog":true,"showSkybox":true,"showFlares":true,"showImageEffects":true,"showParticleSystems":true,"showVisualEffectGraphs":true,"m_FxEnabled":true},"in2DMode":false,"pivot":{"x":9.997618675231934,"y":-3.2978029251098635,"z":51.85886001586914},"rotation":{"x":-0.002804833697155118,"y":0.9952346682548523,"z":-0.029865795746445657,"w":-0.0934322327375412},"size":43.590396881103519,"orthographic":true}