{"cameraMode":{"drawMode":0,"name":"Shaded","section":"Shading Mode"},"sceneLighting":true,"audioPlay":false,"sceneViewState":{"m_AlwaysRefresh":false,"showFog":true,"showSkybox":true,"showFlares":true,"showImageEffects":true,"showParticleSystems":true,"showVisualEffectGraphs":true,"m_FxEnabled":true},"in2DMode":false,"pivot":{"x":262.67742919921877,"y":2.6495790481567385,"z":-0.9083201885223389},"rotation":{"x":-0.08303388953208924,"y":-0.4907946288585663,"z":-0.04928559809923172,"w":0.8671290278434753},"size":2.383446216583252,"orthographic":false}