{"cameraMode":{"drawMode":0,"name":"Shaded","section":"Shading Mode"},"sceneLighting":true,"audioPlay":false,"sceneViewState":{"m_AlwaysRefresh":false,"showFog":true,"showSkybox":true,"showFlares":true,"showImageEffects":true,"showParticleSystems":true,"showVisualEffectGraphs":true,"m_FxEnabled":true},"in2DMode":false,"pivot":{"x":-111.21522521972656,"y":8.04586410522461,"z":-0.38819584250450137},"rotation":{"x":-0.04801313579082489,"y":0.009909534826874733,"z":0.00026064019766636193,"w":-0.9991495609283447},"size":14.047361373901368,"orthographic":false}